{"stats":{"minecraft:used":{"minecraft:stone_brick_stairs":5,"minecraft:carrot_on_a_stick":75,"minecraft:crossbow":211,"minecraft:leather_helmet":6,"minecraft:chest":6},"minecraft:dropped":{"minecraft:arrow":2,"minecraft:allium":1},"minecraft:killed_by":{"minecraft:player":1},"minecraft:killed":{"minecraft:zombie":32},"minecraft:picked_up":{"minecraft:filled_map":1,"minecraft:redstone_torch":2,"minecraft:amethyst_shard":2,"minecraft:leather_helmet":2},"minecraft:custom":{"minecraft:time_since_rest":73084,"minecraft:open_chest":3,"minecraft:crouch_one_cm":6148,"minecraft:play_time":3708168,"minecraft:sprint_one_cm":138435,"minecraft:deaths":8,"minecraft:damage_taken":5590,"minecraft:walk_one_cm":1528735,"minecraft:sneak_time":3874,"minecraft:mob_kills":96,"minecraft:drop":3,"minecraft:jump":457,"minecraft:damage_dealt":3631,"minecraft:leave_game":65,"minecraft:time_since_death":73057,"minecraft:total_world_time":3708250,"minecraft:fall_one_cm":85733,"minecraft:fly_one_cm":512732}},"DataVersion":3218}